Họ tên,SĐT,Thủ tục,Xã/Phường,Ngày hẹn,Giờ hẹn
dương khôi,961817511,làm sổ đỏ ,Bình Long,2025-06-06,08:00
vũ,3333,làm khai sinh,Bình Long,2025-05-27,
vũ dương,9999,làm visa,Lâu Thượng,2025-05-27,
an an ,817999999,làm giấy towd xe,TT Đình Cả,2025-05-29,
an an ,8179,làm giấy towd xe,TT Đình Cả,2025-05-31,
hiệp,837933332,làm sổ hộ  nghèo,Bình Long,2025-05-27,
hiệp,333399999,làm sổ hộ  giàu,Liên Minh,2025-05-28,
dương my,917833332,làm giấy tờ đất,Lâu Thượng,2025-05-27,
dương my,917833332,làm giấy tờ đất,Lâu Thượng,2025-05-27,
phạm phương my,0989370255,làm giấy kết hôn,Bình Long,2025-06-11,
phạm huyền,0978123765,làm hồ sơ tách thử đất,Tràng Xá,2025-05-30,
phạm huyền my,0989345123,làm hồ sơ tách thử đất,TT Đình Cả,2025-05-30,
phạm huyền,0989345129,làm ly hôn,Liên Minh,2025-05-31,
dương hoàng hiệp,0966612345,làm visa,Dân Tiến,2025-05-31,
loan,0989370255,làm đăng ký kinh doanh,Vũ Chấn,2025-05-31,
vũ vũ,0817933112,làm sổ đỏ,Tràng Xá,2025-05-31,
ââ,0123456777,làm đk xe,La Hiên,2025-05-28,
vũ linh,0817933332,đăng ký mua đất,Bình Long,2025-05-31,
vũ dương hoàng,081112224,làm bảo hiểm y tế,La Hiên,2025-05-31,
dương dương ning,0987123432,làm giấy ly hôn,Bình Long,2025-05-31,
linh dương,098712345,đề nghị nhận trợ cấp,Sảng Mộc,2028-05-20,
đoàn anh,0817922222,làm giấy khai sinh,TT Đình Cả,2027-05-21,
trần huyền my,0987811224,làm giấy kết hôn,Bình Long,2030-05-17,08:30
nguyễn thảo vy,0667735089,làm giấy khai sinh,Bình Long,2029-05-18,12:30
phạm phương thảo,0812398763,làm giấy ly hôn,La Hiên,2025-06-28,08:30
